Home | The Woodwright's Shop with Roy Underhill | PBS,http://www.pbs.org/woodwrightsshop/home/,A.G. MARQUARDT,RED
3 Sons Custom Closets LLC | Closets | Killingworth, CT,http://3sonscustomclosets.com/,A.G. MARQUARDT,RED
Marquardt- I. Medizinische Klinik - Gastroenterologie, Hepatologie ...,http://www.unimedizin-mainz.de/1-med/patienten/mitarbeiter/portraits/marquardt.html,A.G. MARQUARDT,RED
77 Mattatuck Heights,https://www.yellowpages.com/waterbury-ct/mip/77-mattatuck-heights-1455636,A.G. MARQUARDT,RED
Maths Times Tables HD | Times Tables For Kids | Times Tables ...,https://www.youtube.com/watch?v=s8ZYhPiMonY,A.G. MARQUARDT,RED
A-Pro Builders and Renovations, Inc. | Millbury, MA 01527 ...,https://www.homeadvisor.com/rated.AProBuildersRenovations.11061289.html,A.G. MARQUARDT,RED
5th Axis | Innovative Workholding Solutions For All 3, 4, and 5 Axis ...,http://fifthaxis.com/new.fifthaxis.com/wordpress/,A.G. MARQUARDT,RED
21 BRIDGE DESIGN,https://www.21bridgedesign.com/,A.G. MARQUARDT,RED
Stairs to the Sea Beach House Rental | A1 Beach Rentals Lincoln ...,https://www.a1beachrentals.com/booking/stairs-to-the-sea/1215-18410,A.G. MARQUARDT,RED
A' Design Award and Competition,https://competition.adesignaward.com/,A.G. MARQUARDT,RED
